userID,item,item_location,ratings
u1,m1,"33.419642,-111.916055",2
u1,m3,"33.417467,-111.925889",3
u2,m1,"33.419642,-111.916055",5
u2,m2,"33.423476,-111.937366",3
u3,m1,"33.419642,-111.916055",3
u3,m2,"33.423476,-111.937366",3
u3,m3,"33.417467,-111.925889",1
u4,m2,"33.423476,-111.937366",2
u4,m3,"33.417467,-111.925889",2